Id,Title,Description,Published
1,Description : 1,Title : 1,false
2,Description : 2,Title : 2,false
3,Description : 3,Title : 3,false
4,Description : 4,Title : 4,false
5,Description : 5,Title : 5,true
6,Description : 6,Title : 6,false
7,Description : 7,Title : 7,false
8,Description : 8,Title : 8,false
9,Description : 9,Title : 9,false
10,Description : 10,Title : 10,true
11,Description : 11,Title : 11,false
12,Description : 12,Title : 12,false
13,Description : 13,Title : 13,false
14,Description : 14,Title : 14,false
15,Description : 15,Title : 15,true
16,Description : 16,Title : 16,false
17,Description : 17,Title : 17,false
18,Description : 18,Title : 18,false
19,Description : 19,Title : 19,false
20,Description : 20,Title : 20,true
21,Description : 21,Title : 21,false
22,Description : 22,Title : 22,false
23,Description : 23,Title : 23,false
24,Description : 24,Title : 24,false
25,Description : 25,Title : 25,true
26,Description : 26,Title : 26,false
27,Description : 27,Title : 27,false
28,Description : 28,Title : 28,false
29,Description : 29,Title : 29,false
30,Description : 30,Title : 30,true
31,Description : 31,Title : 31,false
32,Description : 32,Title : 32,false
33,Description : 33,Title : 33,false
34,Description : 34,Title : 34,false
35,Description : 35,Title : 35,true
36,Description : 36,Title : 36,false
37,Description : 37,Title : 37,false
38,Description : 38,Title : 38,false
39,Description : 39,Title : 39,false
40,Description : 40,Title : 40,true
41,Description : 41,Title : 41,false
42,Description : 42,Title : 42,false
43,Description : 43,Title : 43,false
44,Description : 44,Title : 44,false
45,Description : 45,Title : 45,true
46,Description : 46,Title : 46,false
47,Description : 47,Title : 47,false
48,Description : 48,Title : 48,false
49,Description : 49,Title : 49,false
50,Description : 50,Title : 50,true
51,Description : 51,Title : 51,false
52,Description : 52,Title : 52,false
53,Description : 53,Title : 53,false
54,Description : 54,Title : 54,false
55,Description : 55,Title : 55,true
56,Description : 56,Title : 56,false
57,Description : 57,Title : 57,false
58,Description : 58,Title : 58,false
59,Description : 59,Title : 59,false
60,Description : 60,Title : 60,true
61,Description : 61,Title : 61,false
62,Description : 62,Title : 62,false
63,Description : 63,Title : 63,false
64,Description : 64,Title : 64,false
65,Description : 65,Title : 65,true
66,Description : 66,Title : 66,false
67,Description : 67,Title : 67,false
68,Description : 68,Title : 68,false
69,Description : 69,Title : 69,false
70,Description : 70,Title : 70,true
71,Description : 71,Title : 71,false
72,Description : 72,Title : 72,false
73,Description : 73,Title : 73,false
74,Description : 74,Title : 74,false
75,Description : 75,Title : 75,true
76,Description : 76,Title : 76,false
77,Description : 77,Title : 77,false
78,Description : 78,Title : 78,false
79,Description : 79,Title : 79,false
80,Description : 80,Title : 80,true
81,Description : 81,Title : 81,false
82,Description : 82,Title : 82,false
83,Description : 83,Title : 83,false
84,Description : 84,Title : 84,false
85,Description : 85,Title : 85,true
86,Description : 86,Title : 86,false
87,Description : 87,Title : 87,false
88,Description : 88,Title : 88,false
89,Description : 89,Title : 89,false
90,Description : 90,Title : 90,true
91,Description : 91,Title : 91,false
92,Description : 92,Title : 92,false
93,Description : 93,Title : 93,false
94,Description : 94,Title : 94,false
95,Description : 95,Title : 95,true
96,Description : 96,Title : 96,false
97,Description : 97,Title : 97,false
98,Description : 98,Title : 98,false
99,Description : 99,Title : 99,false
